Hoang Kim Anh,30/02/1977,Male,234 432 542,32439239,anh@kim.com,Gold,Quang Nam,SVVL-1234,Villa
Hoang Kim Anh,30/02/1977,Male,234 432 542,32439239,anh@kim.com,Gold,Quang Nam,SVVL-4444,Villa
Hoang Kim Anh,23/05/1997,Male,213 445 234,2342345,anh@hoang.com,Member,Da Nang,SVVL-4444,Villa
Hoang Kim Anh,23/05/1997,Male,213 445 234,2342345,anh@hoang.com,Member,Da Nang,SVVL-4444,Villa
David Copperfield,22/06/1988,Male,233 543 234,345435455454,david@field.net,Silver,USA,SVVL-4324,Linh
Henry Ford,30/02/1977,Female,128 292 292,350044742.8,henry@gmail.com,Silver,USA,SVVL-1234,Chuong
Bui Ngoc Huy,24/04/1994,Unknown,123 345 942,454543434,huy@bui.vn,Platinum,Quang Tri,SVVL-4321,Villaaaa
Bui Ngoc Huy,24/04/1994,Unknown,123 345 942,454543434,huy@bui.vn,Platinum,Quang Tri,SVVL-4444,Villa
Bui Ngoc Huy,24/04/1994,Unknown,123 345 942,454543434,huy@bui.vn,Platinum,Quang Tri,SVVL-1234,Villa
Bui Ngoc Huy,24/04/1994,Unknown,123 345 942,454543434,huy@bui.vn,Platinum,Quang Tri,SVHO-0003,Newhouse
Nguyen Khanh,25/05/1984,Female,545 394 245,494823432,khanh@nguyen.net,Silver,Tam Ky,SVVL-1234,Villa
Nguyen Khanh,25/05/1984,Female,545 394 245,494823432,khanh@nguyen.net,Silver,Tam Ky,SVHO-0003,Newhouse
Nguyen Khanh,25/05/1984,Female,545 394 245,494823432,khanh@nguyen.net,Silver,Tam Ky,SVRO-0003,Roomo
Vuong Chieu Quan,22/09/1933,Female,123 456 789,2343434,chieu@quan.net,Diamond,Da Nang,SVVL-4444,Villa
Vuong Chieu Quan,22/09/1933,Female,123 456 789,2343434,chieu@quan.net,Diamond,Da Nang,SVVL-4321,Villaaaa
Vuong Chieu Quan,22/09/1933,Female,123 456 789,2343434,chieu@quan.net,Diamond,Da Nang,SVRO-0003,Roomo
James Bond,24/04/1994,Male,124 222 111,344137875.4,james@bond.vn,Silver,Quang Tri,SVRO-0014,Horse
